{
  "ok": true,
  "data": {
    "user_id": "00000000-0000-0000-0000-000000000001",
    "home_type": "APARTMENT",
    "has_kids": false,
    "has_dogs": false,
    "has_cats": true,
    "activity_level": "MED",
    "experience_level": "SOME",
    "preferences": {
      "preferred_sizes": ["M", "L"],
      "preferred_age_groups": ["ADULT"],
      "max_distance_miles": 50,
      "willing_special_needs": false,
      "hard_constraints": ["GOOD_WITH_CATS"]
    }
  },
  "meta": {},
  "request_id": "00000000-0000-0000-0000-0000000000ab",
  "timestamp": "2026-01-28T00:00:00Z"
}

